Metric,Value
Precision,0.9774966453708703
Recall,0.9854712990357969
mAP50,0.9784573249639416
mAP50-95,0.8471685794694551
